{
    "train_rmse": 0.06697503930572732,
    "test_rmse": 0.1148867397177018,
    "train_r2": 0.9967857030007357,
    "test_r2": 0.9912509820095844,
    "best_params": {
        "max_depth": 10,
        "min_samples_leaf": 1,
        "min_samples_split": 2,
        "n_estimators": 300
    }
}